meta_id,ra,dec,_meta_rating_id,_meta_rating,_meta_reject_id,_meta_reject
1,21.58813,3.48611,1233.0,2.0,,False
2,21.59813,3.58611,,0.0,,False
3,36.60840000123,-15.68889,,0.0,,False
4,36.63840000123,-15.66889,,0.0,,False
5,36.66840000123,-15.68889,,0.0,,False
6,36.67840000123,-15.65889,,0.0,862.0,1.0
7,46.27566900123,-34.25,1234.0,3.0,,False
8,46.28566900123,-34.255,,0.0,,False
9,46.29566900123,-34.256,,0.0,,False
10,46.27566900123,-34.259,,0.0,,False
